kind,value,source
extension,1,github-linguist + curated
extension,1in,github-linguist + curated
extension,1m,github-linguist + curated
extension,1x,github-linguist + curated
extension,2,github-linguist + curated
extension,2da,github-linguist + curated
extension,3,github-linguist + curated
extension,3in,github-linguist + curated
extension,3m,github-linguist + curated
extension,3p,github-linguist + curated
extension,3pm,github-linguist + curated
extension,3qt,github-linguist + curated
extension,3x,github-linguist + curated
extension,4,github-linguist + curated
extension,4dform,github-linguist + curated
extension,4dm,github-linguist + curated
extension,4dproject,github-linguist + curated
extension,4th,github-linguist + curated
extension,5,github-linguist + curated
extension,6,github-linguist + curated
extension,6pl,github-linguist + curated
extension,6pm,github-linguist + curated
extension,7,github-linguist + curated
extension,8,github-linguist + curated
extension,8xp,github-linguist + curated
extension,8xp.txt,github-linguist + curated
extension,9,github-linguist + curated
extension,_coffee,github-linguist + curated
extension,_js,github-linguist + curated
extension,_ls,github-linguist + curated
extension,action,github-linguist + curated
extension,ada,github-linguist + curated
extension,adml,github-linguist + curated
extension,admx,github-linguist + curated
extension,adp,github-linguist + curated
extension,afm,github-linguist + curated
extension,agc,github-linguist + curated
extension,ahkl,github-linguist + curated
extension,aidl,github-linguist + curated
extension,aj,github-linguist + curated
extension,ak,github-linguist + curated
extension,al,github-linguist + curated
extension,als,github-linguist + curated
extension,ampl,github-linguist + curated
extension,angelscript,github-linguist + curated
extension,anim,github-linguist + curated
extension,ant,github-linguist + curated
extension,antlers.html,github-linguist + curated
extension,antlers.php,github-linguist + curated
extension,antlers.xml,github-linguist + curated
extension,apacheconf,github-linguist + curated
extension,apex,github-linguist + curated
extension,apib,github-linguist + curated
extension,apl,github-linguist + curated
extension,app,github-linguist + curated
extension,app.src,github-linguist + curated
extension,arpa,github-linguist + curated
extension,arr,github-linguist + curated
extension,asax,github-linguist + curated
extension,asc,github-linguist + curated
extension,asd,github-linguist + curated
extension,asddls,github-linguist + curated
extension,ash,github-linguist + curated
extension,asl,github-linguist + curated
extension,asmx,github-linguist + curated
extension,asn,github-linguist + curated
extension,asn1,github-linguist + curated
extension,asp,github-linguist + curated
extension,asset,github-linguist + curated
extension,asy,github-linguist + curated
extension,aug,github-linguist + curated
extension,auk,github-linguist + curated
extension,aux,github-linguist + curated
extension,avdl,github-linguist + curated
extension,avsc,github-linguist + curated
extension,aw,github-linguist + curated
extension,axaml,github-linguist + curated
extension,axd,github-linguist + curated
extension,axi,github-linguist + curated
extension,axi.erb,github-linguist + curated
extension,axml,github-linguist + curated
extension,axs,github-linguist + curated
extension,axs.erb,github-linguist + curated
extension,bats,github-linguist + curated
extension,bbappend,github-linguist + curated
extension,bbclass,github-linguist + curated
extension,bbx,github-linguist + curated
extension,bdf,github-linguist + curated
extension,be,github-linguist + curated
extension,befunge,github-linguist + curated
extension,bf,github-linguist + curated
extension,bibtex,github-linguist + curated
extension,bicep,github-linguist + curated
extension,bicepparam,github-linguist + curated
extension,bison,github-linguist + curated
extension,blade,github-linguist + curated
extension,blade.php,github-linguist + curated
extension,bmx,github-linguist + curated
extension,bones,github-linguist + curated
extension,boot,github-linguist + curated
extension,bpl,github-linguist + curated
extension,bqn,github-linguist + curated
extension,brd,github-linguist + curated
extension,bro,github-linguist + curated
extension,brs,github-linguist + curated
extension,bru,github-linguist + curated
extension,bs,github-linguist + curated
extension,bsl,github-linguist + curated
extension,bst,github-linguist + curated
extension,bsv,github-linguist + curated
extension,builder,github-linguist + curated
extension,builds,github-linguist + curated
extension,c++-objdump,github-linguist + curated
extension,c++objdump,github-linguist + curated
extension,c-objdump,github-linguist + curated
extension,c3,github-linguist + curated
extension,cabal,github-linguist + curated
extension,caddyfile,github-linguist + curated
extension,cairo,github-linguist + curated
extension,cake,github-linguist + curated
extension,capnp,github-linguist + curated
extension,carbon,github-linguist + curated
extension,cats,github-linguist + curated
extension,cbx,github-linguist + curated
extension,ccp,github-linguist + curated
extension,ccproj,github-linguist + curated
extension,ccxml,github-linguist + curated
extension,cdc,github-linguist + curated
extension,cdf,github-linguist + curated
extension,cds,github-linguist + curated
extension,cfml,github-linguist + curated
extension,ch,github-linguist + curated
extension,chem,github-linguist + curated
extension,chs,github-linguist + curated
extension,cil,github-linguist + curated
extension,circom,github-linguist + curated
extension,cirru,github-linguist + curated
extension,cj,github-linguist + curated
extension,cjsx,github-linguist + curated
extension,ck,github-linguist + curated
extension,cl2,github-linguist + curated
extension,clar,github-linguist + curated
extension,click,github-linguist + curated
extension,clixml,github-linguist + curated
extension,cljs.hl,github-linguist + curated
extension,cljscm,github-linguist + curated
extension,cljx,github-linguist + curated
extension,clue,github-linguist + curated
extension,clw,github-linguist + curated
extension,cmake.in,github-linguist + curated
extension,cmp,github-linguist + curated
extension,cnc,github-linguist + curated
extension,cnf,github-linguist + curated
extension,cobol,github-linguist + curated
extension,cocci,github-linguist + curated
extension,code-snippets,github-linguist + curated
extension,coffee.md,github-linguist + curated
extension,com,github-linguist + curated
extension,conll,github-linguist + curated
extension,conllu,github-linguist + curated
extension,containerfile,github-linguist + curated
extension,cook,github-linguist + curated
extension,coq,github-linguist + curated
extension,cp,github-linguist + curated
extension,cpp-objdump,github-linguist + curated
extension,cppm,github-linguist + curated
extension,cppobjdump,github-linguist + curated
extension,cproject,github-linguist + curated
extension,cps,github-linguist + curated
extension,cql,github-linguist + curated
extension,crc32,github-linguist + curated
extension,creole,github-linguist + curated
extension,cs.pp,github-linguist + curated
extension,csc,github-linguist + curated
extension,cscfg,github-linguist + curated
extension,csd,github-linguist + curated
extension,csdef,github-linguist + curated
extension,csl,github-linguist + curated
extension,cson,github-linguist + curated
extension,csv,github-linguist + curated
extension,csx,github-linguist + curated
extension,ct,github-linguist + curated
extension,ctl,github-linguist + curated
extension,ctp,github-linguist + curated
extension,cue,github-linguist + curated
extension,cuh,github-linguist + curated
extension,curry,github-linguist + curated
extension,cw,github-linguist + curated
extension,cwl,github-linguist + curated
extension,cxx-objdump,github-linguist + curated
extension,cy,github-linguist + curated
extension,cylc,github-linguist + curated
extension,cyp,github-linguist + curated
extension,cypher,github-linguist + curated
extension,d-objdump,github-linguist + curated
extension,d2,github-linguist + curated
extension,dae,github-linguist + curated
extension,darcspatch,github-linguist + curated
extension,das,github-linguist + curated
extension,db2,github-linguist + curated
extension,dcl,github-linguist + curated
extension,ddl,github-linguist + curated
extension,decls,github-linguist + curated
extension,depproj,github-linguist + curated
extension,desktop.in,github-linguist + curated
extension,dfm,github-linguist + curated
extension,dfy,github-linguist + curated
extension,dhall,github-linguist + curated
extension,di,github-linguist + curated
extension,dircolors,github-linguist + curated
extension,dita,github-linguist + curated
extension,ditamap,github-linguist + curated
extension,ditaval,github-linguist + curated
extension,djs,github-linguist + curated
extension,dll.config,github-linguist + curated
extension,dlm,github-linguist + curated
extension,dm,github-linguist + curated
extension,dof,github-linguist + curated
extension,doh,github-linguist + curated
extension,dotsettings,github-linguist + curated
extension,dpatch,github-linguist + curated
extension,druby,github-linguist + curated
extension,dsc,github-linguist + curated
extension,dsl,github-linguist + curated
extension,dsp,github-linguist + curated
extension,dsr,github-linguist + curated
extension,dtx,github-linguist + curated
extension,duby,github-linguist + curated
extension,dwl,github-linguist + curated
extension,dyalog,github-linguist + curated
extension,dyl,github-linguist + curated
extension,dzn,github-linguist + curated
extension,eam.fs,github-linguist + curated
extension,eb,github-linguist + curated
extension,ec,github-linguist + curated
extension,ecl,github-linguist + curated
extension,eclxml,github-linguist + curated
extension,ecr,github-linguist + curated
extension,ect,github-linguist + curated
extension,edc,github-linguist + curated
extension,edge,github-linguist + curated
extension,edgeql,github-linguist + curated
extension,eh,github-linguist + curated
extension,ejs,github-linguist + curated
extension,ejs.t,github-linguist + curated
extension,eliom,github-linguist + curated
extension,eliomi,github-linguist + curated
extension,elm,github-linguist + curated
extension,em,github-linguist + curated
extension,emacs,github-linguist + curated
extension,emacs.desktop,github-linguist + curated
extension,emberscript,github-linguist + curated
extension,env,github-linguist + curated
extension,epj,github-linguist + curated
extension,eps,github-linguist + curated
extension,epsi,github-linguist + curated
extension,eq,github-linguist + curated
extension,erb.deface,github-linguist + curated
extension,es,github-linguist + curated
extension,es6,github-linguist + curated
extension,escript,github-linguist + curated
extension,esdl,github-linguist + curated
extension,eye,github-linguist + curated
extension,f03,github-linguist + curated
extension,f08,github-linguist + curated
extension,f77,github-linguist + curated
extension,factor,github-linguist + curated
extension,fan,github-linguist + curated
extension,fancypack,github-linguist + curated
extension,filters,github-linguist + curated
extension,fir,github-linguist + curated
extension,flex,github-linguist + curated
extension,flf,github-linguist + curated
extension,flix,github-linguist + curated
extension,flux,github-linguist + curated
extension,fnl,github-linguist + curated
extension,forth,github-linguist + curated
extension,fr,github-linguist + curated
extension,frg,github-linguist + curated
extension,frm,github-linguist + curated
extension,frt,github-linguist + curated
extension,fsh,github-linguist + curated
extension,fshader,github-linguist + curated
extension,fsproj,github-linguist + curated
extension,fst,github-linguist + curated
extension,fsti,github-linguist + curated
extension,fth,github-linguist + curated
extension,ftl,github-linguist + curated
extension,ftlh,github-linguist + curated
extension,fun,github-linguist + curated
extension,fut,github-linguist + curated
extension,fxh,github-linguist + curated
extension,fxml,github-linguist + curated
extension,fy,github-linguist + curated
extension,g,github-linguist + curated
extension,g4,github-linguist + curated
extension,gaml,github-linguist + curated
extension,gap,github-linguist + curated
extension,gawk,github-linguist + curated
extension,gbl,github-linguist + curated
extension,gbo,github-linguist + curated
extension,gbp,github-linguist + curated
extension,gbr,github-linguist + curated
extension,gbs,github-linguist + curated
extension,gco,github-linguist + curated
extension,gcode,github-linguist + curated
extension,gdbinit,github-linguist + curated
extension,gdnlib,github-linguist + curated
extension,gdns,github-linguist + curated
extension,gdshader,github-linguist + curated
extension,gdshaderinc,github-linguist + curated
extension,ged,github-linguist + curated
extension,geo,github-linguist + curated
extension,geojson,github-linguist + curated
extension,gf,github-linguist + curated
extension,gi,github-linguist + curated
extension,gitconfig,github-linguist + curated
extension,gitignore,github-linguist + curated
extension,gjs,github-linguist + curated
extension,gko,github-linguist + curated
extension,glf,github-linguist + curated
extension,glslf,github-linguist + curated
extension,glslv,github-linguist + curated
extension,gltf,github-linguist + curated
extension,glyphs,github-linguist + curated
extension,gmi,github-linguist + curated
extension,gml,github-linguist + curated
extension,gms,github-linguist + curated
extension,gmx,github-linguist + curated
extension,gn,github-linguist + curated
extension,gni,github-linguist + curated
extension,gnu,github-linguist + curated
extension,gnuplot,github-linguist + curated
extension,god,github-linguist + curated
extension,gohtml,github-linguist + curated
extension,golo,github-linguist + curated
extension,gotmpl,github-linguist + curated
extension,gp,github-linguist + curated
extension,gpb,github-linguist + curated
extension,gpt,github-linguist + curated
extension,gpx,github-linguist + curated
extension,grace,github-linguist + curated
extension,gradle.kts,github-linguist + curated
extension,graphqls,github-linguist + curated
extension,grt,github-linguist + curated
extension,grxml,github-linguist + curated
extension,gs,github-linguist + curated
extension,gsc,github-linguist + curated
extension,gsh,github-linguist + curated
extension,gshader,github-linguist + curated
extension,gsp,github-linguist + curated
extension,gsx,github-linguist + curated
extension,gtl,github-linguist + curated
extension,gto,github-linguist + curated
extension,gtp,github-linguist + curated
extension,gtpl,github-linguist + curated
extension,gts,github-linguist + curated
extension,gv,github-linguist + curated
extension,gvy,github-linguist + curated
extension,h++,github-linguist + curated
extension,h.in,github-linguist + curated
extension,hack,github-linguist + curated
extension,haml.deface,github-linguist + curated
extension,handlebars,github-linguist + curated
extension,har,github-linguist + curated
extension,hats,github-linguist + curated
extension,hb,github-linguist + curated
extension,hbs,github-linguist + curated
extension,hc,github-linguist + curated
extension,heex,github-linguist + curated
extension,hhi,github-linguist + curated
extension,hic,github-linguist + curated
extension,hip,github-linguist + curated
extension,hlean,github-linguist + curated
extension,hlsli,github-linguist + curated
extension,hocon,github-linguist + curated
extension,hoon,github-linguist + curated
extension,hqf,github-linguist + curated
extension,hql,github-linguist + curated
extension,hs-boot,github-linguist + curated
extension,hsc,github-linguist + curated
extension,hta,github-linguist + curated
extension,html.eex,github-linguist + curated
extension,html.hl,github-linguist + curated
extension,html.tmpl,github-linguist + curated
extension,http,github-linguist + curated
extension,hurl,github-linguist + curated
extension,hxml,github-linguist + curated
extension,hxsl,github-linguist + curated
extension,hy,github-linguist + curated
extension,hzp,github-linguist + curated
extension,i7x,github-linguist + curated
extension,ical,github-linguist + curated
extension,ice,github-linguist + curated
extension,iced,github-linguist + curated
extension,ics,github-linguist + curated
extension,idc,github-linguist + curated
extension,idr,github-linguist + curated
extension,ig,github-linguist + curated
extension,ihlp,github-linguist + curated
extension,ijm,github-linguist + curated
extension,ijs,github-linguist + curated
extension,ik,github-linguist + curated
extension,ily,github-linguist + curated
extension,imba,github-linguist + curated
extension,ink,github-linguist + curated
extension,ino,github-linguist + curated
extension,ins,github-linguist + curated
extension,intr,github-linguist + curated
extension,iol,github-linguist + curated
extension,ipf,github-linguist + curated
extension,ipynb,github-linguist + curated
extension,irclog,github-linguist + curated
extension,isl,github-linguist + curated
extension,ispc,github-linguist + curated
extension,iuml,github-linguist + curated
extension,ivy,github-linguist + curated
extension,ixx,github-linguist + curated
extension,j2,github-linguist + curated
extension,jac,github-linguist + curated
extension,jade,github-linguist + curated
extension,jai,github-linguist + curated
extension,jake,github-linguist + curated
extension,janet,github-linguist + curated
extension,jav,github-linguist + curated
extension,javascript,github-linguist + curated
extension,jcl,github-linguist + curated
extension,jelly,github-linguist + curated
extension,jflex,github-linguist + curated
extension,jinja2,github-linguist + curated
extension,jison,github-linguist + curated
extension,jisonlex,github-linguist + curated
extension,jq,github-linguist + curated
extension,js.erb,github-linguist + curated
extension,jsb,github-linguist + curated
extension,jscad,github-linguist + curated
extension,jsfl,github-linguist + curated
extension,jsh,github-linguist + curated
extension,jslib,github-linguist + curated
extension,json-tmlanguage,github-linguist + curated
extension,json.example,github-linguist + curated
extension,jsonld,github-linguist + curated
extension,jsonnet,github-linguist + curated
extension,jspre,github-linguist + curated
extension,jsproj,github-linguist + curated
extension,jss,github-linguist + curated
extension,jst,github-linguist + curated
extension,jte,github-linguist + curated
extension,just,github-linguist + curated
extension,k,github-linguist + curated
extension,kak,github-linguist + curated
extension,kdl,github-linguist + curated
extension,kicad_mod,github-linguist + curated
extension,kicad_pcb,github-linguist + curated
extension,kicad_sch,github-linguist + curated
extension,kicad_sym,github-linguist + curated
extension,kicad_wks,github-linguist + curated
extension,kid,github-linguist + curated
extension,kit,github-linguist + curated
extension,kk,github-linguist + curated
extension,kojo,github-linguist + curated
extension,kql,github-linguist + curated
extension,krl,github-linguist + curated
extension,ks,github-linguist + curated
extension,ksy,github-linguist + curated
extension,ktm,github-linguist + curated
extension,kv,github-linguist + curated
extension,l,github-linguist + curated
extension,lagda,github-linguist + curated
extension,langium,github-linguist + curated
extension,lark,github-linguist + curated
extension,las,github-linguist + curated
extension,lasso,github-linguist + curated
extension,lasso8,github-linguist + curated
extension,lasso9,github-linguist + curated
extension,latte,github-linguist + curated
extension,launch,github-linguist + curated
extension,lbx,github-linguist + curated
extension,ld,github-linguist + curated
extension,lds,github-linguist + curated
extension,lean,github-linguist + curated
extension,leex,github-linguist + curated
extension,lektorproject,github-linguist + curated
extension,leo,github-linguist + curated
extension,lex,github-linguist + curated
extension,lfe,github-linguist + curated
extension,libsonnet,github-linguist + curated
extension,lid,github-linguist + curated
extension,lidr,github-linguist + curated
extension,ligo,github-linguist + curated
extension,linq,github-linguist + curated
extension,lisp,github-linguist + curated
extension,litcoffee,github-linguist + curated
extension,livecodescript,github-linguist + curated
extension,livemd,github-linguist + curated
extension,lkml,github-linguist + curated
extension,ll,github-linguist + curated
extension,lmi,github-linguist + curated
extension,logtalk,github-linguist + curated
extension,lol,github-linguist + curated
extension,lookml,github-linguist + curated
extension,lp,github-linguist + curated
extension,lpr,github-linguist + curated
extension,lslp,github-linguist + curated
extension,ltx,github-linguist + curated
extension,luau,github-linguist + curated
extension,lvclass,github-linguist + curated
extension,lvlib,github-linguist + curated
extension,lvproj,github-linguist + curated
extension,m2,github-linguist + curated
extension,m3u,github-linguist + curated
extension,m3u8,github-linguist + curated
extension,ma,github-linguist + curated
extension,make,github-linguist + curated
extension,makefile,github-linguist + curated
extension,mako,github-linguist + curated
extension,man,github-linguist + curated
extension,mao,github-linguist + curated
extension,marko,github-linguist + curated
extension,mask,github-linguist + curated
extension,mata,github-linguist + curated
extension,matah,github-linguist + curated
extension,mathematica,github-linguist + curated
extension,matlab,github-linguist + curated
extension,mawk,github-linguist + curated
extension,maxhelp,github-linguist + curated
extension,maxpat,github-linguist + curated
extension,maxproj,github-linguist + curated
extension,mbt,github-linguist + curated
extension,mc,github-linguist + curated
extension,mcfunction,github-linguist + curated
extension,mch,github-linguist + curated
extension,mcmeta,github-linguist + curated
extension,mcr,github-linguist + curated
extension,md2,github-linguist + curated
extension,md4,github-linguist + curated
extension,md5,github-linguist + curated
extension,mdoc,github-linguist + curated
extension,mdpolicy,github-linguist + curated
extension,mdwn,github-linguist + curated
extension,me,github-linguist + curated
extension,mediawiki,github-linguist + curated
extension,mermaid,github-linguist + curated
extension,meta,github-linguist + curated
extension,metal,github-linguist + curated
extension,mg,github-linguist + curated
extension,minid,github-linguist + curated
extension,mint,github-linguist + curated
extension,mir,github-linguist + curated
extension,mirah,github-linguist + curated
extension,mjml,github-linguist + curated
extension,mkdown,github-linguist + curated
extension,mkfile,github-linguist + curated
extension,mkii,github-linguist + curated
extension,mkiv,github-linguist + curated
extension,mkvi,github-linguist + curated
extension,ml4,github-linguist + curated
extension,mligo,github-linguist + curated
extension,mlir,github-linguist + curated
extension,mmd,github-linguist + curated
extension,mmk,github-linguist + curated
extension,mms,github-linguist + curated
extension,monkey,github-linguist + curated
extension,monkey2,github-linguist + curated
extension,moo,github-linguist + curated
extension,move,github-linguist + curated
extension,mps,github-linguist + curated
extension,mrc,github-linguist + curated
extension,msd,github-linguist + curated
extension,msg,github-linguist + curated
extension,mspec,github-linguist + curated
extension,mss,github-linguist + curated
extension,mt,github-linguist + curated
extension,mtl,github-linguist + curated
extension,mtml,github-linguist + curated
extension,mu,github-linguist + curated
extension,muf,github-linguist + curated
extension,mumps,github-linguist + curated
extension,muse,github-linguist + curated
extension,mustache,github-linguist + curated
extension,mxt,github-linguist + curated
extension,mysql,github-linguist + curated
extension,myt,github-linguist + curated
extension,mzn,github-linguist + curated
extension,nanorc,github-linguist + curated
extension,nasl,github-linguist + curated
extension,nasm,github-linguist + curated
extension,natvis,github-linguist + curated
extension,nawk,github-linguist + curated
extension,nb,github-linguist + curated
extension,nbp,github-linguist + curated
extension,nc,github-linguist + curated
extension,ncl,github-linguist + curated
extension,ndproj,github-linguist + curated
extension,ne,github-linguist + curated
extension,nearley,github-linguist + curated
extension,ned,github-linguist + curated
extension,nginxconf,github-linguist + curated
extension,ni,github-linguist + curated
extension,nim.cfg,github-linguist + curated
extension,nimble,github-linguist + curated
extension,nimrod,github-linguist + curated
extension,nims,github-linguist + curated
extension,ninja,github-linguist + curated
extension,nit,github-linguist + curated
extension,njk,github-linguist + curated
extension,njs,github-linguist + curated
extension,nl,github-linguist + curated
extension,nlogo,github-linguist + curated
extension,no,github-linguist + curated
extension,nomad,github-linguist + curated
extension,nproj,github-linguist + curated
extension,nqp,github-linguist + curated
extension,nr,github-linguist + curated
extension,nse,github-linguist + curated
extension,nss,github-linguist + curated
extension,numpy,github-linguist + curated
extension,numpyw,github-linguist + curated
extension,numsc,github-linguist + curated
extension,nuspec,github-linguist + curated
extension,ny,github-linguist + curated
extension,ob2,github-linguist + curated
extension,obj,github-linguist + curated
extension,objdump,github-linguist + curated
extension,odd,github-linguist + curated
extension,ol,github-linguist + curated
extension,omgrofl,github-linguist + curated
extension,opa,github-linguist + curated
extension,opal,github-linguist + curated
extension,opencl,github-linguist + curated
extension,orc,github-linguist + curated
extension,osm,github-linguist + curated
extension,outjob,github-linguist + curated
extension,overpassql,github-linguist + curated
extension,owl,github-linguist + curated
extension,ox,github-linguist + curated
extension,oxh,github-linguist + curated
extension,oxo,github-linguist + curated
extension,oxygene,github-linguist + curated
extension,p4,github-linguist + curated
extension,p6,github-linguist + curated
extension,p6l,github-linguist + curated
extension,p6m,github-linguist + curated
extension,p8,github-linguist + curated
extension,pac,github-linguist + curated
extension,pact,github-linguist + curated
extension,pan,github-linguist + curated
extension,parrot,github-linguist + curated
extension,pascal,github-linguist + curated
extension,pasm,github-linguist + curated
extension,pat,github-linguist + curated
extension,pbt,github-linguist + curated
extension,pbtxt,github-linguist + curated
extension,pcbdoc,github-linguist + curated
extension,pd,github-linguist + curated
extension,pd_lua,github-linguist + curated
extension,pde,github-linguist + curated
extension,peggy,github-linguist + curated
extension,pegjs,github-linguist + curated
extension,pep,github-linguist + curated
extension,per,github-linguist + curated
extension,pfa,github-linguist + curated
extension,pgsql,github-linguist + curated
extension,ph,github-linguist + curated
extension,phtml,github-linguist + curated
extension,pic,github-linguist + curated
extension,pig,github-linguist + curated
extension,pike,github-linguist + curated
extension,pir,github-linguist + curated
extension,pkgproj,github-linguist + curated
extension,pkl,github-linguist + curated
extension,pl6,github-linguist + curated
extension,plantuml,github-linguist + curated
extension,plb,github-linguist + curated
extension,plot,github-linguist + curated
extension,pls,github-linguist + curated
extension,plsql,github-linguist + curated
extension,plt,github-linguist + curated
extension,pluginspec,github-linguist + curated
extension,pm6,github-linguist + curated
extension,pml,github-linguist + curated
extension,pod,github-linguist + curated
extension,pod6,github-linguist + curated
extension,podsl,github-linguist + curated
extension,pogo,github-linguist + curated
extension,polar,github-linguist + curated
extension,por,github-linguist + curated
extension,postcss,github-linguist + curated
extension,pot,github-linguist + curated
extension,pprx,github-linguist + curated
extension,praat,github-linguist + curated
extension,prefab,github-linguist + curated
extension,prg,github-linguist + curated
extension,prjpcb,github-linguist + curated
extension,proj,github-linguist + curated
extension,prolog,github-linguist + curated
extension,props,github-linguist + curated
extension,proto,github-linguist + curated
extension,prw,github-linguist + curated
extension,ps1xml,github-linguist + curated
extension,psc,github-linguist + curated
extension,psc1,github-linguist + curated
extension,psgi,github-linguist + curated
extension,pt,github-linguist + curated
extension,pubxml,github-linguist + curated
extension,pug,github-linguist + curated
extension,puml,github-linguist + curated
extension,pwn,github-linguist + curated
extension,pyde,github-linguist + curated
extension,pyp,github-linguist + curated
extension,pyt,github-linguist + curated
extension,pytb,github-linguist + curated
extension,qasm,github-linguist + curated
extension,qbs,github-linguist + curated
extension,qc,github-linguist + curated
extension,qhelp,github-linguist + curated
extension,ql,github-linguist + curated
extension,qll,github-linguist + curated
extension,qs,github-linguist + curated
extension,r2,github-linguist + curated
extension,r3,github-linguist + curated
extension,raku,github-linguist + curated
extension,rakumod,github-linguist + curated
extension,rascript,github-linguist + curated
extension,raw,github-linguist + curated
extension,rbbas,github-linguist + curated
extension,rbfrm,github-linguist + curated
extension,rbi,github-linguist + curated
extension,rbmnu,github-linguist + curated
extension,rbres,github-linguist + curated
extension,rbs,github-linguist + curated
extension,rbtbar,github-linguist + curated
extension,rbuild,github-linguist + curated
extension,rbuistate,github-linguist + curated
extension,rbw,github-linguist + curated
extension,rbxs,github-linguist + curated
extension,rchit,github-linguist + curated
extension,rd,github-linguist + curated
extension,rdf,github-linguist + curated
extension,rdoc,github-linguist + curated
extension,re,github-linguist + curated
extension,reb,github-linguist + curated
extension,red,github-linguist + curated
extension,reds,github-linguist + curated
extension,reek,github-linguist + curated
extension,regex,github-linguist + curated
extension,regexp,github-linguist + curated
extension,rei,github-linguist + curated
extension,religo,github-linguist + curated
extension,res,github-linguist + curated
extension,resi,github-linguist + curated
extension,resource,github-linguist + curated
extension,rest,github-linguist + curated
extension,rest.txt,github-linguist + curated
extension,rexx,github-linguist + curated
extension,rg,github-linguist + curated
extension,rhtml,github-linguist + curated
extension,ring,github-linguist + curated
extension,riot,github-linguist + curated
extension,rktd,github-linguist + curated
extension,rktl,github-linguist + curated
extension,rl,github-linguist + curated
extension,rmiss,github-linguist + curated
extension,rnh,github-linguist + curated
extension,rno,github-linguist + curated
extension,rnw,github-linguist + curated
extension,robot,github-linguist + curated
extension,roc,github-linguist + curated
extension,rockspec,github-linguist + curated
extension,roff,github-linguist + curated
extension,ron,github-linguist + curated
extension,ronn,github-linguist + curated
extension,rpgle,github-linguist + curated
extension,rq,github-linguist + curated
extension,rs.in,github-linguist + curated
extension,rsc,github-linguist + curated
extension,rsh,github-linguist + curated
extension,rst.txt,github-linguist + curated
extension,rsx,github-linguist + curated
extension,rtf,github-linguist + curated
extension,ru,github-linguist + curated
extension,rviz,github-linguist + curated
extension,sagews,github-linguist + curated
extension,sail,github-linguist + curated
extension,sarif,github-linguist + curated
extension,sass,github-linguist + curated
extension,sats,github-linguist + curated
extension,sbatch,github-linguist + curated
extension,scaml,github-linguist + curated
extension,scenic,github-linguist + curated
extension,schdoc,github-linguist + curated
extension,sco,github-linguist + curated
extension,scrbl,github-linguist + curated
extension,scxml,github-linguist + curated
extension,sdc,github-linguist + curated
extension,sed,github-linguist + curated
extension,self,github-linguist + curated
extension,service,github-linguist + curated
extension,sexp,github-linguist + curated
extension,sfd,github-linguist + curated
extension,sfproj,github-linguist + curated
extension,sfv,github-linguist + curated
extension,sh-session,github-linguist + curated
extension,sh.in,github-linguist + curated
extension,sha1,github-linguist + curated
extension,sha2,github-linguist + curated
extension,sha224,github-linguist + curated
extension,sha256,github-linguist + curated
extension,sha256sum,github-linguist + curated
extension,sha3,github-linguist + curated
extension,sha384,github-linguist + curated
extension,sha512,github-linguist + curated
extension,shen,github-linguist + curated
extension,shproj,github-linguist + curated
extension,sieve,github-linguist + curated
extension,sig,github-linguist + curated
extension,sj,github-linguist + curated
extension,sjs,github-linguist + curated
extension,sl,github-linguist + curated
extension,slang,github-linguist + curated
extension,slint,github-linguist + curated
extension,sln,github-linguist + curated
extension,slnx,github-linguist + curated
extension,slurm,github-linguist + curated
extension,smithy,github-linguist + curated
extension,smk,github-linguist + curated
extension,smt,github-linguist + curated
extension,smt2,github-linguist + curated
extension,snap,github-linguist + curated
extension,snip,github-linguist + curated
extension,snippet,github-linguist + curated
extension,snippets,github-linguist + curated
extension,soy,github-linguist + curated
extension,sparql,github-linguist + curated
extension,spc,github-linguist + curated
extension,spin,github-linguist + curated
extension,sqf,github-linguist + curated
extension,sqlrpgle,github-linguist + curated
extension,sra,github-linguist + curated
extension,srdf,github-linguist + curated
extension,sru,github-linguist + curated
extension,srv,github-linguist + curated
extension,srw,github-linguist + curated
extension,ssjs,github-linguist + curated
extension,sss,github-linguist + curated
extension,stan,github-linguist + curated
extension,star,github-linguist + curated
extension,sthlp,github-linguist + curated
extension,stl,github-linguist + curated
extension,ston,github-linguist + curated
extension,story,github-linguist + curated
extension,storyboard,github-linguist + curated
extension,sttheme,github-linguist + curated
extension,sublime-build,github-linguist + curated
extension,sublime-color-scheme,github-linguist + curated
extension,sublime-commands,github-linguist + curated
extension,sublime-completions,github-linguist + curated
extension,sublime-keymap,github-linguist + curated
extension,sublime-macro,github-linguist + curated
extension,sublime-menu,github-linguist + curated
extension,sublime-mousemap,github-linguist + curated
extension,sublime-project,github-linguist + curated
extension,sublime-settings,github-linguist + curated
extension,sublime-snippet,github-linguist + curated
extension,sublime-syntax,github-linguist + curated
extension,sublime-theme,github-linguist + curated
extension,sublime-workspace,github-linguist + curated
extension,sublime_metrics,github-linguist + curated
extension,sublime_session,github-linguist + curated
extension,surql,github-linguist + curated
extension,sv,github-linguist + curated
extension,svh,github-linguist + curated
extension,svx,github-linguist + curated
extension,sw,github-linguist + curated
extension,swg,github-linguist + curated
extension,swig,github-linguist + curated
extension,syntax,github-linguist + curated
extension,t,github-linguist + curated
extension,tab,github-linguist + curated
extension,tac,github-linguist + curated
extension,tact,github-linguist + curated
extension,tag,github-linguist + curated
extension,talon,github-linguist + curated
extension,targets,github-linguist + curated
extension,tcc,github-linguist + curated
extension,tcl.in,github-linguist + curated
extension,te,github-linguist + curated
extension,tea,github-linguist + curated
extension,templ,github-linguist + curated
extension,texi,github-linguist + curated
extension,texinfo,github-linguist + curated
extension,textgrid,github-linguist + curated
extension,textile,github-linguist + curated
extension,textproto,github-linguist + curated
extension,tfstate.backup,github-linguist + curated
extension,tftpl,github-linguist + curated
extension,thrift,github-linguist + curated
extension,thy,github-linguist + curated
extension,tl,github-linguist + curated
extension,tla,github-linguist + curated
extension,tlv,github-linguist + curated
extension,tm,github-linguist + curated
extension,tmac,github-linguist + curated
extension,tmcommand,github-linguist + curated
extension,tmdl,github-linguist + curated
extension,tml,github-linguist + curated
extension,tmlanguage,github-linguist + curated
extension,tmpl,github-linguist + curated
extension,tmpreferences,github-linguist + curated
extension,tmsnippet,github-linguist + curated
extension,tmtheme,github-linguist + curated
extension,tmux,github-linguist + curated
extension,toc,github-linguist + curated
extension,tofu,github-linguist + curated
extension,toit,github-linguist + curated
extension,toml.example,github-linguist + curated
extension,tool,github-linguist + curated
extension,topojson,github-linguist + curated
extension,tpp,github-linguist + curated
extension,tres,github-linguist + curated
extension,trigger,github-linguist + curated
extension,tscn,github-linguist + curated
extension,tsconfig.json,github-linguist + curated
extension,tsp,github-linguist + curated
extension,tst,github-linguist + curated
extension,tsv,github-linguist + curated
extension,tu,github-linguist + curated
extension,txi,github-linguist + curated
extension,txl,github-linguist + curated
extension,txx,github-linguist + curated
extension,typ,github-linguist + curated
extension,uc,github-linguist + curated
extension,udf,github-linguist + curated
extension,udo,github-linguist + curated
extension,ui,github-linguist + curated
extension,unity,github-linguist + curated
extension,uno,github-linguist + curated
extension,uplc,github-linguist + curated
extension,ur,github-linguist + curated
extension,urdf,github-linguist + curated
extension,url,github-linguist + curated
extension,urs,github-linguist + curated
extension,ux,github-linguist + curated
extension,vapi,github-linguist + curated
extension,vark,github-linguist + curated
extension,vba,github-linguist + curated
extension,vbhtml,github-linguist + curated
extension,vbproj,github-linguist + curated
extension,vcf,github-linguist + curated
extension,vcl,github-linguist + curated
extension,vcxproj,github-linguist + curated
extension,vdf,github-linguist + curated
extension,veo,github-linguist + curated
extension,vh,github-linguist + curated
extension,vhf,github-linguist + curated
extension,vhi,github-linguist + curated
extension,vho,github-linguist + curated
extension,vhost,github-linguist + curated
extension,vhs,github-linguist + curated
extension,vht,github-linguist + curated
extension,vhw,github-linguist + curated
extension,viw,github-linguist + curated
extension,vmb,github-linguist + curated
extension,volt,github-linguist + curated
extension,vrx,github-linguist + curated
extension,vsh,github-linguist + curated
extension,vshader,github-linguist + curated
extension,vsixmanifest,github-linguist + curated
extension,vssettings,github-linguist + curated
extension,vstemplate,github-linguist + curated
extension,vtl,github-linguist + curated
extension,vto,github-linguist + curated
extension,vtt,github-linguist + curated
extension,vw,github-linguist + curated
extension,vy,github-linguist + curated
extension,wast,github-linguist + curated
extension,watchr,github-linguist + curated
extension,webapp,github-linguist + curated
extension,webidl,github-linguist + curated
extension,weechatlog,github-linguist + curated
extension,wiki,github-linguist + curated
extension,wikitext,github-linguist + curated
extension,wisp,github-linguist + curated
extension,wit,github-linguist + curated
extension,wixproj,github-linguist + curated
extension,wl,github-linguist + curated
extension,wlk,github-linguist + curated
extension,wls,github-linguist + curated
extension,wlt,github-linguist + curated
extension,wlua,github-linguist + curated
extension,workbook,github-linguist + curated
extension,workflow,github-linguist + curated
extension,ws,github-linguist + curated
extension,wsf,github-linguist + curated
extension,wsgi,github-linguist + curated
extension,wxi,github-linguist + curated
extension,wxl,github-linguist + curated
extension,wxs,github-linguist + curated
extension,x,github-linguist + curated
extension,x10,github-linguist + curated
extension,x3d,github-linguist + curated
extension,x68,github-linguist + curated
extension,xacro,github-linguist + curated
extension,xbm,github-linguist + curated
extension,xc,github-linguist + curated
extension,xdc,github-linguist + curated
extension,xht,github-linguist + curated
extension,xi,github-linguist + curated
extension,xib,github-linguist + curated
extension,xlf,github-linguist + curated
extension,xliff,github-linguist + curated
extension,xm,github-linguist + curated
extension,xmi,github-linguist + curated
extension,xml.dist,github-linguist + curated
extension,xmp,github-linguist + curated
extension,xojo_code,github-linguist + curated
extension,xojo_menu,github-linguist + curated
extension,xojo_report,github-linguist + curated
extension,xojo_script,github-linguist + curated
extension,xojo_toolbar,github-linguist + curated
extension,xojo_window,github-linguist + curated
extension,xpl,github-linguist + curated
extension,xpm,github-linguist + curated
extension,xproc,github-linguist + curated
extension,xproj,github-linguist + curated
extension,xpy,github-linguist + curated
extension,xq,github-linguist + curated
extension,xql,github-linguist + curated
extension,xqm,github-linguist + curated
extension,xquery,github-linguist + curated
extension,xqy,github-linguist + curated
extension,xrl,github-linguist + curated
extension,xs,github-linguist + curated
extension,xsh,github-linguist + curated
extension,xsjs,github-linguist + curated
extension,xsjslib,github-linguist + curated
extension,xslt,github-linguist + curated
extension,xsp-config,github-linguist + curated
extension,xsp.metadata,github-linguist + curated
extension,xspec,github-linguist + curated
extension,xtend,github-linguist + curated
extension,xul,github-linguist + curated
extension,xzap,github-linguist + curated
extension,yacc,github-linguist + curated
extension,yaml-tmlanguage,github-linguist + curated
extension,yaml.sed,github-linguist + curated
extension,yap,github-linguist + curated
extension,yar,github-linguist + curated
extension,yara,github-linguist + curated
extension,yasnippet,github-linguist + curated
extension,yml.mysql,github-linguist + curated
extension,yrl,github-linguist + curated
extension,yul,github-linguist + curated
extension,yy,github-linguist + curated
extension,yyp,github-linguist + curated
extension,z3,github-linguist + curated
extension,zap,github-linguist + curated
extension,zcml,github-linguist + curated
extension,zeek,github-linguist + curated
extension,zep,github-linguist + curated
extension,zig.zon,github-linguist + curated
extension,zil,github-linguist + curated
extension,zimpl,github-linguist + curated
extension,zmodel,github-linguist + curated
extension,zmpl,github-linguist + curated
extension,zone,github-linguist + curated
extension,zpl,github-linguist + curated
extension,zs,github-linguist + curated
extension,zsh-theme,github-linguist + curated
filename,.abbrev_defs,github-linguist + curated
filename,.ackrc,github-linguist + curated
filename,.aider.conf.yaml,github-linguist + curated
filename,.aider.conf.yml,github-linguist + curated
filename,.all-contributorsrc,github-linguist + curated
filename,.arcconfig,github-linguist + curated
filename,.atomignore,github-linguist + curated
filename,.auto-changelog,github-linguist + curated
filename,.babelignore,github-linguist + curated
filename,.bash_aliases,github-linguist + curated
filename,.bash_functions,github-linguist + curated
filename,.bash_history,github-linguist + curated
filename,.buckconfig,github-linguist + curated
filename,.buildkite.yml,github-linguist + curated
filename,.bzrignore,github-linguist + curated
filename,.c8rc,github-linguist + curated
filename,.clangd,github-linguist + curated
filename,.classpath,github-linguist + curated
filename,.codeowners,github-linguist + curated
filename,.coffeelintignore,github-linguist + curated
filename,.cproject,github-linguist + curated
filename,.cshrc,github-linguist + curated
filename,.cvsignore,github-linguist + curated
filename,.devcontainer.json,github-linguist + curated
filename,.drone.yml,github-linguist + curated
filename,.dvcignore,github-linguist + curated
filename,.easignore,github-linguist + curated
filename,.eleventyignore,github-linguist + curated
filename,.emacs,github-linguist + curated
filename,.emacs.desktop,github-linguist + curated
filename,.env.dev,github-linguist + curated
filename,.env.development.local,github-linguist + curated
filename,.env.prod,github-linguist + curated
filename,.env.testing,github-linguist + curated
filename,.envrc,github-linguist + curated
filename,.exrc,github-linguist + curated
filename,.factor-boot-rc,github-linguist + curated
filename,.factor-rc,github-linguist + curated
filename,.flaskenv,github-linguist + curated
filename,.gclient,github-linguist + curated
filename,.git-blame-ignore-revs,github-linguist + curated
filename,.gitlab-ci.yml,github-linguist + curated
filename,.gn,github-linguist + curated
filename,.gnus,github-linguist + curated
filename,.gvimrc,github-linguist + curated
filename,.htmlhintrc,github-linguist + curated
filename,.ignore,github-linguist + curated
filename,.imgbotconfig,github-linguist + curated
filename,.jscsrc,github-linguist + curated
filename,.jshintrc,github-linguist + curated
filename,.jslintrc,github-linguist + curated
filename,.justfile,github-linguist + curated
filename,.kshrc,github-linguist + curated
filename,.latexmkrc,github-linguist + curated
filename,.luacheckrc,github-linguist + curated
filename,.markdownlintignore,github-linguist + curated
filename,.mise.local.toml,github-linguist + curated
filename,.mise.toml,github-linguist + curated
filename,.nanorc,github-linguist + curated
filename,.nodemonignore,github-linguist + curated
filename,.nvimrc,github-linguist + curated
filename,.oxlintrc.json,github-linguist + curated
filename,.parcelrc,github-linguist + curated
filename,.php,github-linguist + curated
filename,.php_cs,github-linguist + curated
filename,.php_cs.dist,github-linguist + curated
filename,.project,github-linguist + curated
filename,.rprofile,github-linguist + curated
filename,.rspec,github-linguist + curated
filename,.ruff.toml,github-linguist + curated
filename,.scalafix.conf,github-linguist + curated
filename,.scalafmt.conf,github-linguist + curated
filename,.simplecov,github-linguist + curated
filename,.spacemacs,github-linguist + curated
filename,.tern-config,github-linguist + curated
filename,.tern-project,github-linguist + curated
filename,.terraformrc,github-linguist + curated
filename,.tm_properties,github-linguist + curated
filename,.viper,github-linguist + curated
filename,.xcompose,github-linguist + curated
filename,.yardopts,github-linguist + curated
filename,.zlogin,github-linguist + curated
filename,.zlogout,github-linguist + curated
filename,9fs,github-linguist + curated
filename,_curlrc,github-linguist + curated
filename,_dir_colors,github-linguist + curated
filename,_dircolors,github-linguist + curated
filename,_emacs,github-linguist + curated
filename,_helpers.tpl,github-linguist + curated
filename,_redirects,github-linguist + curated
filename,_vimrc,github-linguist + curated
filename,abbrev_defs,github-linguist + curated
filename,accelerate_config.yaml,github-linguist + curated
filename,accelerate_config.yml,github-linguist + curated
filename,ack,github-linguist + curated
filename,ackrc,github-linguist + curated
filename,alembic.ini,github-linguist + curated
filename,android.bp,github-linguist + curated
filename,angular.json,github-linguist + curated
filename,ant.xml,github-linguist + curated
filename,apache2.conf,github-linguist + curated
filename,api-extractor.json,github-linguist + curated
filename,apkbuild,github-linguist + curated
filename,app.config,github-linguist + curated
filename,app.yaml,github-linguist + curated
filename,app.yml,github-linguist + curated
filename,appraisals,github-linguist + curated
filename,astro.config.cjs,github-linguist + curated
filename,astro.config.js,github-linguist + curated
filename,astro.config.mjs,github-linguist + curated
filename,astro.config.ts,github-linguist + curated
filename,azure-pipelines.yaml,github-linguist + curated
filename,azure-pipelines.yml,github-linguist + curated
filename,bash_aliases,github-linguist + curated
filename,bash_logout,github-linguist + curated
filename,bash_profile,github-linguist + curated
filename,bashrc,github-linguist + curated
filename,berksfile,github-linguist + curated
filename,bitbucket-pipelines.yml,github-linguist + curated
filename,browserslist,github-linguist + curated
filename,bsdmakefile,github-linguist + curated
filename,buck,github-linguist + curated
filename,build.gradle,github-linguist + curated
filename,build.gradle.kts,github-linguist + curated
filename,build.xml,github-linguist + curated
filename,buildfile,github-linguist + curated
filename,buildozer.spec,github-linguist + curated
filename,bun.lock,github-linguist + curated
filename,bunfig.toml,github-linguist + curated
filename,cabal.config,github-linguist + curated
filename,cabal.project,github-linguist + curated
filename,cakefile,github-linguist + curated
filename,cargo.toml.orig,github-linguist + curated
filename,cask,github-linguist + curated
filename,cdk.context.json,github-linguist + curated
filename,cdk.json,github-linguist + curated
filename,cdk.out,github-linguist + curated
filename,celeryconfig.py,github-linguist + curated
filename,chart.yaml,github-linguist + curated
filename,checksums.txt,github-linguist + curated
filename,citation,github-linguist + curated
filename,citation.cff,github-linguist + curated
filename,citations,github-linguist + curated
filename,cksums,github-linguist + curated
filename,click.me,github-linguist + curated
filename,cloudbuild.yaml,github-linguist + curated
filename,cloudbuild.yml,github-linguist + curated
filename,cmakepresets.json,github-linguist + curated
filename,cmakeuserpresets.json,github-linguist + curated
filename,commit_editmsg,github-linguist + curated
filename,conda-lock.yaml,github-linguist + curated
filename,conda-lock.yml,github-linguist + curated
filename,contents.lr,github-linguist + curated
filename,copying.regex,github-linguist + curated
filename,copyright.regex,github-linguist + curated
filename,cpanfile,github-linguist + curated
filename,crontab,github-linguist + curated
filename,cshrc,github-linguist + curated
filename,cypress.config.ts,github-linguist + curated
filename,dangerfile,github-linguist + curated
filename,delete.me,github-linguist + curated
filename,deno.json,github-linguist + curated
filename,deno.jsonc,github-linguist + curated
filename,deno.lock,github-linguist + curated
filename,deps,github-linguist + curated
filename,descrip.mmk,github-linguist + curated
filename,descrip.mms,github-linguist + curated
filename,dev-requirements.txt,github-linguist + curated
filename,devcontainer.json,github-linguist + curated
filename,dir_colors,github-linguist + curated
filename,directory.build.props,github-linguist + curated
filename,directory.build.targets,github-linguist + curated
filename,directory.packages.props,github-linguist + curated
filename,docker-bake.hcl,github-linguist + curated
filename,docker-bake.json,github-linguist + curated
filename,dune-project,github-linguist + curated
filename,dvc.lock,github-linguist + curated
filename,dvc.yaml,github-linguist + curated
filename,earthfile,github-linguist + curated
filename,emakefile,github-linguist + curated
filename,encodings.dir,github-linguist + curated
filename,environment.yaml,github-linguist + curated
filename,environment.yml,github-linguist + curated
filename,eqnrc,github-linguist + curated
filename,eslint.config.cts,github-linguist + curated
filename,eslint.config.mts,github-linguist + curated
filename,eslint.config.ts,github-linguist + curated
filename,expr-dist,github-linguist + curated
filename,fakefile,github-linguist + curated
filename,file_contexts,github-linguist + curated
filename,firestore.rules,github-linguist + curated
filename,flake.lock,github-linguist + curated
filename,fontlog,github-linguist + curated
filename,fonts.alias,github-linguist + curated
filename,fonts.dir,github-linguist + curated
filename,fonts.scale,github-linguist + curated
filename,fp-lib-table,github-linguist + curated
filename,gemfile.lock,github-linguist + curated
filename,genfs_contexts,github-linguist + curated
filename,gitignore-global,github-linguist + curated
filename,gitignore_global,github-linguist + curated
filename,glide.lock,github-linguist + curated
filename,global.json,github-linguist + curated
filename,gopkg.lock,github-linguist + curated
filename,gradle.properties,github-linguist + curated
filename,gradlew,github-linguist + curated
filename,gradlew.bat,github-linguist + curated
filename,gunicorn.conf.py,github-linguist + curated
filename,gvimrc,github-linguist + curated
filename,haproxy.cfg,github-linguist + curated
filename,hatch.toml,github-linguist + curated
filename,hosts,github-linguist + curated
filename,hosts.txt,github-linguist + curated
filename,httpd.conf,github-linguist + curated
filename,inference-config.json,github-linguist + curated
filename,initial_sids,github-linguist + curated
filename,inputrc,github-linguist + curated
filename,install,github-linguist + curated
filename,install.mysql,github-linguist + curated
filename,installscript.qs,github-linguist + curated
filename,ipython_config.py,github-linguist + curated
filename,jakefile,github-linguist + curated
filename,jarfile,github-linguist + curated
filename,jupyter_notebook_config.py,github-linguist + curated
filename,jupyter_server_config.py,github-linguist + curated
filename,kakrc,github-linguist + curated
filename,kbuild,github-linguist + curated
filename,kcl.mod,github-linguist + curated
filename,kcl.mod.lock,github-linguist + curated
filename,keep.me,github-linguist + curated
filename,kshrc,github-linguist + curated
filename,kustomization,github-linguist + curated
filename,kustomization.yaml,github-linguist + curated
filename,kustomization.yml,github-linguist + curated
filename,language-configuration.json,github-linguist + curated
filename,language-subtag-registry.txt,github-linguist + curated
filename,latexmkrc,github-linguist + curated
filename,ld.script,github-linguist + curated
filename,lexer.x,github-linguist + curated
filename,license.mysql,github-linguist + curated
filename,login,github-linguist + curated
filename,m3makefile,github-linguist + curated
filename,m3overrides,github-linguist + curated
filename,makefile.am,github-linguist + curated
filename,makefile.boot,github-linguist + curated
filename,makefile.frag,github-linguist + curated
filename,makefile.in,github-linguist + curated
filename,makefile.inc,github-linguist + curated
filename,makefile.pl,github-linguist + curated
filename,makefile.sco,github-linguist + curated
filename,makefile.wat,github-linguist + curated
filename,man,github-linguist + curated
filename,manage.py,github-linguist + curated
filename,manifest.mf,github-linguist + curated
filename,mavenfile,github-linguist + curated
filename,mcmod.info,github-linguist + curated
filename,md5sum.txt,github-linguist + curated
filename,md5sums,github-linguist + curated
filename,mix.lock,github-linguist + curated
filename,mkfile,github-linguist + curated
filename,mlmodel,github-linguist + curated
filename,mmn,github-linguist + curated
filename,mmt,github-linguist + curated
filename,mocha.opts,github-linguist + curated
filename,model-index.yaml,github-linguist + curated
filename,model-index.yml,github-linguist + curated
filename,module.bazel,github-linguist + curated
filename,module.bazel.lock,github-linguist + curated
filename,modulefile,github-linguist + curated
filename,mvnw,github-linguist + curated
filename,mvnw.cmd,github-linguist + curated
filename,nanorc,github-linguist + curated
filename,next.config.cts,github-linguist + curated
filename,next.config.mts,github-linguist + curated
filename,next.config.ts,github-linguist + curated
filename,nextflow.config,github-linguist + curated
filename,nginx.conf,github-linguist + curated
filename,nim.cfg,github-linguist + curated
filename,notebook,github-linguist + curated
filename,noxfile.py,github-linguist + curated
filename,nuget.config,github-linguist + curated
filename,nukefile,github-linguist + curated
filename,nuxt.config.mjs,github-linguist + curated
filename,nvimrc,github-linguist + curated
filename,nx.json,github-linguist + curated
filename,owh,github-linguist + curated
filename,package.mask,github-linguist + curated
filename,package.resolved,github-linguist + curated
filename,package.use.mask,github-linguist + curated
filename,package.use.stable.mask,github-linguist + curated
filename,packages.config,github-linguist + curated
filename,pdm.lock,github-linguist + curated
filename,phakefile,github-linguist + curated
filename,phpstan.neon,github-linguist + curated
filename,phpunit.xml,github-linguist + curated
filename,pipfile.lock,github-linguist + curated
filename,pixi.lock,github-linguist + curated
filename,pkgbuild,github-linguist + curated
filename,playwright.config.ts,github-linguist + curated
filename,pnpm-workspace.yaml,github-linguist + curated
filename,pnpm-workspace.yml,github-linguist + curated
filename,poetry.lock,github-linguist + curated
filename,pom.xml,github-linguist + curated
filename,port_contexts,github-linguist + curated
filename,postcss.config.mjs,github-linguist + curated
filename,postcss.config.ts,github-linguist + curated
filename,profile,github-linguist + curated
filename,project.ede,github-linguist + curated
filename,project.godot,github-linguist + curated
filename,project.json,github-linguist + curated
filename,promptfoo.yaml,github-linguist + curated
filename,promptfoo.yml,github-linguist + curated
filename,pulumi.dev.yaml,github-linguist + curated
filename,pulumi.prod.yaml,github-linguist + curated
filename,pulumi.production.yaml,github-linguist + curated
filename,pulumi.staging.yaml,github-linguist + curated
filename,pulumi.yaml,github-linguist + curated
filename,pulumi.yml,github-linguist + curated
filename,puppetfile,github-linguist + curated
filename,pylintrc,github-linguist + curated
filename,pyrightconfig.json,github-linguist + curated
filename,read.me,github-linguist + curated
filename,readme.1st,github-linguist + curated
filename,readme.me,github-linguist + curated
filename,readme.mysql,github-linguist + curated
filename,readme.nss,github-linguist + curated
filename,rebar.config,github-linguist + curated
filename,rebar.config.lock,github-linguist + curated
filename,rebar.lock,github-linguist + curated
filename,rector.php,github-linguist + curated
filename,requirements.lock.txt,github-linguist + curated
filename,rexfile,github-linguist + curated
filename,riemann.config,github-linguist + curated
filename,robots.txt,github-linguist + curated
filename,rollup.config.cjs,github-linguist + curated
filename,rollup.config.mjs,github-linguist + curated
filename,rollup.config.ts,github-linguist + curated
filename,root,github-linguist + curated
filename,ruff.toml,github-linguist + curated
filename,samconfig.toml,github-linguist + curated
filename,sconscript,github-linguist + curated
filename,security_classes,github-linguist + curated
filename,serverless.ts,github-linguist + curated
filename,serverless.yaml,github-linguist + curated
filename,serverless.yml,github-linguist + curated
filename,settings.gradle,github-linguist + curated
filename,settings.gradle.kts,github-linguist + curated
filename,settings.stylecop,github-linguist + curated
filename,sha1sums,github-linguist + curated
filename,sha256sums,github-linguist + curated
filename,sha256sums.txt,github-linguist + curated
filename,sha512sums,github-linguist + curated
filename,singularity,github-linguist + curated
filename,skaffold.yaml,github-linguist + curated
filename,skaffold.yml,github-linguist + curated
filename,slakefile,github-linguist + curated
filename,snakefile,github-linguist + curated
filename,ssh-config,github-linguist + curated
filename,ssh_config,github-linguist + curated
filename,sshconfig,github-linguist + curated
filename,sshconfig.snip,github-linguist + curated
filename,sshd-config,github-linguist + curated
filename,sshd_config,github-linguist + curated
filename,starfield,github-linguist + curated
filename,steepfile,github-linguist + curated
filename,suite.rc,github-linguist + curated
filename,svelte.config.js,github-linguist + curated
filename,svelte.config.ts,github-linguist + curated
filename,tailwind.config.mjs,github-linguist + curated
filename,template.yaml,github-linguist + curated
filename,template.yml,github-linguist + curated
filename,terraform.rc,github-linguist + curated
filename,terraform.tfvars,github-linguist + curated
filename,terraform.tfvars.json,github-linguist + curated
filename,terragrunt.hcl,github-linguist + curated
filename,terragrunt.hcl.json,github-linguist + curated
filename,test.me,github-linguist + curated
filename,tiltfile,github-linguist + curated
filename,tmux.conf,github-linguist + curated
filename,toolchain_installscript.qs,github-linguist + curated
filename,torrc,github-linguist + curated
filename,troffrc,github-linguist + curated
filename,troffrc-end,github-linguist + curated
filename,tslint.json,github-linguist + curated
filename,tsup.config.ts,github-linguist + curated
filename,turbo.json,github-linguist + curated
filename,unocss.config.ts,github-linguist + curated
filename,use.mask,github-linguist + curated
filename,use.stable.mask,github-linguist + curated
filename,uv.lock,github-linguist + curated
filename,uwsgi.ini,github-linguist + curated
filename,values.schema.json,github-linguist + curated
filename,values.yaml,github-linguist + curated
filename,vimrc,github-linguist + curated
filename,vite.config.cts,github-linguist + curated
filename,vite.config.mts,github-linguist + curated
filename,vitest.workspace.ts,github-linguist + curated
filename,vlcrc,github-linguist + curated
filename,web.config,github-linguist + curated
filename,web.debug.config,github-linguist + curated
filename,web.release.config,github-linguist + curated
filename,webpack.config.cts,github-linguist + curated
filename,webpack.config.mjs,github-linguist + curated
filename,webpack.config.mts,github-linguist + curated
filename,windi.config.ts,github-linguist + curated
filename,workspace.bzlmod,github-linguist + curated
filename,workspace.json,github-linguist + curated
filename,wscript,github-linguist + curated
filename,xcompose,github-linguist + curated
filename,xinitrc,github-linguist + curated
filename,xmake.lua,github-linguist + curated
filename,xsession,github-linguist + curated
filename,yarn.lock,github-linguist + curated
filename,zlogin,github-linguist + curated
filename,zlogout,github-linguist + curated
filename,zprofile,github-linguist + curated
filename,zshenv,github-linguist + curated
filename,zshrc,github-linguist + curated
